"currency","identifier","row","year","mean_ichange_proportional","lower_ichange_proportional","upper_ichange_proportional","k"
"abundance","rockies",2,1995,0.031204112373741,0.00380268586141941,0.0606288546364916,5
"abundance","rockies",3,1996,0.02542683066476,-0.000308701361533454,0.0528085580273437,5
"abundance","rockies",4,1997,0.0128500669605338,-0.00871947789208299,0.0357980126622944,5
"abundance","rockies",5,1998,-0.00562735969877363,-0.021181716528364,0.0108446099897609,5
"abundance","rockies",6,1999,-0.0272883998976746,-0.0384883731665212,-0.0165081832112305,5
"abundance","rockies",7,2000,-0.0486523799905371,-0.0601346013907644,-0.03946327420936,5
"abundance","rockies",8,2001,-0.0663465790655,-0.0792000702162644,-0.0549688060332794,5
"abundance","rockies",9,2002,-0.0776734446195292,-0.092835129256037,-0.0637821952822363,5
"abundance","rockies",10,2003,-0.0808892265245384,-0.0977341795480318,-0.0666585118440009,5
"abundance","rockies",11,2004,-0.0752899459292136,-0.0903952872686221,-0.0617325378946467,5
"abundance","rockies",12,2005,-0.061203364216935,-0.0746184017122687,-0.0470689485993241,5
"abundance","rockies",13,2006,-0.0399374685911375,-0.0502809679085587,-0.0264842797342314,5
"abundance","rockies",14,2007,-0.0136751893621584,-0.0244627231481162,0.000837673104332833,5
"abundance","rockies",15,2008,0.0147355147404822,0.00228464991172616,0.0321952430375286,5
"abundance","rockies",16,2009,0.0421441063183017,0.0282957711279567,0.0618760751421271,5
"abundance","rockies",17,2010,0.0656065745077571,0.0503826186196352,0.0855063437618564,5
"abundance","rockies",18,2011,0.0829507854024443,0.0682572064131497,0.0989219478027609,5
"abundance","rockies",19,2013,0.198951085521076,0.173725369054231,0.227176054151356,5
"abundance","rockies",20,2014,0.0937325909270162,0.0793034847105795,0.108077281887013,5
"abundance","rockies",21,2015,0.0868886197310988,0.0684337497793273,0.104545953109556,5
"abundance","rockies",22,2016,0.07914550617708,0.0533518745199537,0.101691847754,5
"abundance","rockies",23,2017,0.0730609066220808,0.0433505730126151,0.0987633504424932,5
"abundance","rockies",24,2018,0.0700172928697584,0.0385781140007902,0.0971182939324642,5
"scaled_energy","rockies",2,1995,0.0600241324911265,0.0349143556409624,0.0904507807191361,5
"scaled_energy","rockies",3,1996,0.0560111571438261,0.0322440692365835,0.0845171260365789,5
"scaled_energy","rockies",4,1997,0.0471739940136686,0.0263758951046559,0.0717273399192623,5
"scaled_energy","rockies",5,1998,0.0339473035948126,0.0163659624200911,0.0533087832274586,5
"scaled_energy","rockies",6,1999,0.0180029251855429,0.00322209650523579,0.0315044393264749,5
"scaled_energy","rockies",7,2000,0.00158888681979764,-0.00970933622760729,0.01362218247667,5
"scaled_energy","rockies",8,2001,-0.013042736533307,-0.0246914333303578,0.000365877368166996,5
"scaled_energy","rockies",9,2002,-0.0240466202283449,-0.0365154281315249,-0.00936503310225976,5
"scaled_energy","rockies",10,2003,-0.0302225294605248,-0.0436136005169967,-0.0152805015497985,5
"scaled_energy","rockies",11,2004,-0.0311128163891169,-0.0436516799438358,-0.0160354451828115,5
"scaled_energy","rockies",12,2005,-0.0270006032775305,-0.0370427648926382,-0.0146451167476461,5
"scaled_energy","rockies",13,2006,-0.0188357381398828,-0.0287470285531608,-0.00905960282376631,5
"scaled_energy","rockies",14,2007,-0.00809457759457745,-0.0191906048907843,0.0020931804935066,5
"scaled_energy","rockies",15,2008,0.00343134361740948,-0.00912900955678849,0.0162304756557134,5
"scaled_energy","rockies",16,2009,0.013914239060645,-0.000860081898695874,0.0281580410989626,5
"scaled_energy","rockies",17,2010,0.0218068237181751,0.00608533692546674,0.0373268456349254,5
"scaled_energy","rockies",18,2011,0.0261368165862476,0.0121167016061617,0.039146052156543,5
"scaled_energy","rockies",19,2013,0.051285034823682,0.0311269171644036,0.0727002359447358,5
"scaled_energy","rockies",20,2014,0.0181806301369479,0.00698809972284215,0.033599685555377,5
"scaled_energy","rockies",21,2015,0.0110622800455335,-0.00301367141952691,0.0305954805115101,5
"scaled_energy","rockies",22,2016,0.00436922248808073,-0.0141157930190796,0.0267375357036942,5
"scaled_energy","rockies",23,2017,-0.000451816281712061,-0.022928247961008,0.0252095177879772,5
"scaled_energy","rockies",24,2018,-0.00275224886452461,-0.0270446689290473,0.0247198661864571,5
"abundance","hartland",2,1995,0.0258880706305101,0.00819945304515534,0.0482574600483249,5
"abundance","hartland",3,1996,0.0229083738461628,0.00604943870837902,0.0440407219854637,5
"abundance","hartland",4,1997,0.0164776168763149,0.00147294830112562,0.0341914775451675,5
"abundance","hartland",5,1998,0.0071223416897044,-0.00504805339571804,0.020130281227011,5
"abundance","hartland",6,1999,-0.00370646866220746,-0.0123843695460756,0.00736449083302206,5
"abundance","hartland",7,2000,-0.0141736894415186,-0.0209255540686871,-0.00520357794894621,5
"abundance","hartland",8,2001,-0.0225197382266981,-0.0314962206250959,-0.0143922529879419,5
"abundance","hartland",9,2002,-0.0273935451946072,-0.0375871214406748,-0.0173216351053655,5
"abundance","hartland",10,2003,-0.0280533627475941,-0.0397920350516564,-0.0180574788594772,5
"abundance","hartland",11,2004,-0.0244551399129355,-0.0353053939607677,-0.0165373427583358,5
"abundance","hartland",12,2005,-0.0172504221320851,-0.0272460193507476,-0.00995607204711978,5
"abundance","hartland",13,2006,-0.0077031680455822,-0.0171812536172737,0.000100111150108263,5
"abundance","hartland",14,2007,0.00247767260892648,-0.0058848355310973,0.0106686404270006,5
"abundance","hartland",15,2008,0.0113919986585153,0.00169806444429363,0.0214504943933029,5
"abundance","hartland",16,2009,0.0172707055804631,0.00618976314093822,0.0289671688338161,5
"abundance","hartland",17,2010,0.0188149209704574,0.00755438840527704,0.0311425160206988,5
"abundance","hartland",18,2011,0.0154734491508877,0.00509924884922907,0.024538167539963,5
"abundance","hartland",19,2012,0.00757827687738788,-0.000326634423148347,0.0165262165293828,5
"abundance","hartland",20,2013,-0.00370831774322284,-0.010839922968823,0.00413684374187839,5
"abundance","hartland",21,2014,-0.0166262587129128,-0.0250325584410053,-0.00800736844465661,5
"abundance","hartland",22,2015,-0.0291732102970763,-0.0406480313463863,-0.0183848067374566,5
"abundance","hartland",23,2016,-0.0395116437387845,-0.0550610297972071,-0.0260635866130842,5
"abundance","hartland",24,2017,-0.0463785433869063,-0.0645669937534109,-0.0303281385711239,5
"abundance","hartland",25,2018,-0.0494917572940453,-0.0688521226317919,-0.0323053045889602,5
"scaled_energy","hartland",2,1995,0.121332257087568,0.0957618376672353,0.143249295714451,5
"scaled_energy","hartland",3,1996,0.11285528324133,0.0889281826242652,0.133203797776759,5
"scaled_energy","hartland",4,1997,0.0945212614913049,0.073757155753301,0.111188740476003,5
"scaled_energy","hartland",5,1998,0.0678090794962227,0.0510054916982008,0.0802626251515613,5
"scaled_energy","hartland",6,1999,0.0367540041772208,0.0246558534277593,0.0456597094571376,5
"scaled_energy","hartland",7,2000,0.00627287287162382,-0.00245782546060977,0.0140174133277376,5
"scaled_energy","hartland",8,2001,-0.019144069827746,-0.0267660712916531,-0.00977364756620991,5
"scaled_energy","hartland",9,2002,-0.0362011060275622,-0.0456404888468253,-0.0248684766240365,5
"scaled_energy","hartland",10,2003,-0.0431043603814738,-0.0537108562057752,-0.0309671604651918,5
"scaled_energy","hartland",11,2004,-0.0396036911784707,-0.0494029068170814,-0.0270567395142832,5
"scaled_energy","hartland",12,2005,-0.0269318205341161,-0.0350014257454381,-0.0162152156795658,5
"scaled_energy","hartland",13,2006,-0.00769257435847561,-0.0149285758709563,-0.000422231273551736,5
"scaled_energy","hartland",14,2007,0.0143617082630045,0.00756990318103124,0.0224378209485592,5
"scaled_energy","hartland",15,2008,0.0347750138844108,0.0256071906103085,0.0441748605446996,5
"scaled_energy","hartland",16,2009,0.0491164410806699,0.0385766603527913,0.059502948506829,5
"scaled_energy","hartland",17,2010,0.0539058726576026,0.0422573922412515,0.065741091135017,5
"scaled_energy","hartland",18,2011,0.0474760756764563,0.0364990553606692,0.0579784305580625,5
"scaled_energy","hartland",19,2012,0.0304402046455743,0.0209032597922792,0.0399370303572815,5
"scaled_energy","hartland",20,2013,0.00555202843504626,-0.00370602246577939,0.0153341378156137,5
"scaled_energy","hartland",21,2014,-0.0229984028525521,-0.0332193388934114,-0.0125213959905091,5
"scaled_energy","hartland",22,2015,-0.0505889474232398,-0.0634982180067126,-0.03816774392894,5
"scaled_energy","hartland",23,2016,-0.0731646675050476,-0.0892819877702388,-0.0579989600337046,5
"scaled_energy","hartland",24,2017,-0.0880761878340273,-0.105234779426274,-0.0714970856818465,5
"scaled_energy","hartland",25,2018,-0.0948193217828243,-0.112551633607031,-0.0776291698909919,5
"abundance","alberta",2,1981,-0.0512456703003183,-0.0591494906811382,-0.0432360403089621,5
"abundance","alberta",3,1984,-0.14415668911648,-0.164230410762824,-0.123449779771857,5
"abundance","alberta",4,1989,-0.210124899386522,-0.230897845931335,-0.18895747459513,5
"abundance","alberta",5,1990,-0.0402082687840072,-0.0436168428315901,-0.0357651192891904,5
"abundance","alberta",6,1991,-0.0376378982998655,-0.042094297005042,-0.0334616368677902,5
"abundance","alberta",7,1992,-0.0348915775977514,-0.0401855598297167,-0.0301363720136967,5
"abundance","alberta",8,1993,-0.0320291233685792,-0.0379263618928576,-0.0263700045013685,5
"abundance","alberta",9,1994,-0.0291098026102207,-0.0354883633416434,-0.0229135049682338,5
"abundance","alberta",10,1996,-0.0488823154981585,-0.0622666347071332,-0.0375746904444377,5
"abundance","alberta",11,1997,-0.0204948926640402,-0.0267571130816902,-0.0156427103014504,5
"abundance","alberta",12,1998,-0.0177642967030815,-0.0232129798664138,-0.013427236912471,5
"abundance","alberta",13,1999,-0.0151504172420609,-0.0205345815947733,-0.0114534875278253,5
"abundance","alberta",14,2000,-0.0126744446630027,-0.0181773215188656,-0.00840751362378465,5
"abundance","alberta",15,2001,-0.010350327550617,-0.0158221662550184,-0.0057045343663461,5
"abundance","alberta",16,2002,-0.00818562464878552,-0.0133173689720004,-0.00289672749823784,5
"abundance","alberta",17,2003,-0.00618258155989089,-0.011859888493704,-0.000367985796735539,5
"abundance","alberta",18,2004,-0.00433933898356704,-0.0106769025227885,0.00208968999944717,5
"abundance","alberta",19,2005,-0.00265119089582722,-0.009208456188389,0.00401316018532638,5
"abundance","alberta",20,2006,-0.00111182185623157,-0.00777574217082275,0.00571873364141111,5
"abundance","alberta",21,2007,0.000285541589372696,-0.00609141943098743,0.00620647042248766,5
"abundance","alberta",22,2008,0.0015471310789795,-0.00393819886886652,0.00623248697100122,5
"abundance","alberta",23,2009,0.00267785912712513,-0.00174666598664314,0.00748151616996896,5
"abundance","alberta",24,2010,0.00368084084626246,-0.000439845805125753,0.00858064400051559,5
"abundance","alberta",25,2011,0.00455729145678506,-9.69209721802098e-05,0.0100887214923429,5
"abundance","alberta",26,2012,0.00530686633416622,-0.000557896022264082,0.0114049229716609,5
"abundance","alberta",27,2013,0.00592848748149378,-0.00108733081838996,0.0135114080477142,5
"abundance","alberta",28,2014,0.00642166565053248,-0.00208908212794239,0.0154537259528562,5
"abundance","alberta",29,2015,0.00678828594352102,-0.00294423442113036,0.0169584343855564,5
"abundance","alberta",30,2016,0.00703478519538466,-0.00362369662584692,0.0179537457076811,5
"abundance","alberta",31,2017,0.00717462252494108,-0.00414284686329188,0.0184338195436933,5
"abundance","alberta",32,2018,0.00723094135386551,-0.00436160660420303,0.0186281687488327,5
"scaled_energy","alberta",2,1981,-0.0688669420171625,-0.0783481017116637,-0.0608109124271807,5
"scaled_energy","alberta",3,1984,-0.187976924190075,-0.211076674594873,-0.168183543189101,5
"scaled_energy","alberta",4,1989,-0.249067741243667,-0.270803531453081,-0.231735645963288,5
"scaled_energy","alberta",5,1990,-0.0415875954802076,-0.0455717700103535,-0.0377260003125878,5
"scaled_energy","alberta",6,1991,-0.0357728419354013,-0.0396577189370113,-0.0310012133441463,5
"scaled_energy","alberta",7,1992,-0.0299335715106768,-0.0345793595166973,-0.0243694706991302,5
"scaled_energy","alberta",8,1993,-0.0243501735481276,-0.0300644550070037,-0.017780030199813,5
"scaled_energy","alberta",9,1994,-0.0192689916850572,-0.0255545158917468,-0.0120656353744031,5
"scaled_energy","alberta",10,1996,-0.0260517691252878,-0.0379511951632949,-0.0116567071488595,5
"scaled_energy","alberta",11,1997,-0.0086640458895062,-0.0145081097496225,-0.00175284791985477,5
"scaled_energy","alberta",12,1998,-0.00685708561984814,-0.0117979406639455,-0.00078891470245049,5
"scaled_energy","alberta",13,1999,-0.0058816999800983,-0.0101337343320646,-0.000756020540873005,5
"scaled_energy","alberta",14,2000,-0.00564528827286279,-0.00974148815894703,-0.00129876709692413,5
"scaled_energy","alberta",15,2001,-0.00601464766118316,-0.010115928106753,-0.0010575891886026,5
"scaled_energy","alberta",16,2002,-0.00682917060854017,-0.0119413348326308,-0.00147358014421798,5
"scaled_energy","alberta",17,2003,-0.00791508588068946,-0.0138051224435145,-0.00194363498537839,5
"scaled_energy","alberta",18,2004,-0.00909957888212129,-0.0154304854475007,-0.00311695441128414,5
"scaled_energy","alberta",19,2005,-0.0102237754156244,-0.0166557217026113,-0.00412157846433106,5
"scaled_energy","alberta",20,2006,-0.0111537839073162,-0.0172567908209129,-0.00510289131900769,5
"scaled_energy","alberta",21,2007,-0.01178921634805,-0.0174724532169045,-0.00599183554488144,5
"scaled_energy","alberta",22,2008,-0.0120688112594469,-0.0175781489595261,-0.0065807264855556,5
"scaled_energy","alberta",23,2009,-0.0119729445668606,-0.017095636572305,-0.00712632141447684,5
"scaled_energy","alberta",24,2010,-0.0115229364362783,-0.0167970577709505,-0.00635897759481137,5
"scaled_energy","alberta",25,2011,-0.0107771579962753,-0.0167620714617707,-0.00501326376891811,5
"scaled_energy","alberta",26,2012,-0.00982403204318588,-0.0170416489640301,-0.00294460107701735,5
"scaled_energy","alberta",27,2013,-0.00877212479571356,-0.0166328224233667,-0.000473072463375996,5
"scaled_energy","alberta",28,2014,-0.00773764973983345,-0.0163762266448315,0.00133928495980546,5
"scaled_energy","alberta",29,2015,-0.00682984163375582,-0.0170224387059272,0.00327964880853225,5
"scaled_energy","alberta",30,2016,-0.006134782432484,-0.0175590270763745,0.00502312553896318,5
"scaled_energy","alberta",31,2017,-0.00569832862341546,-0.0178594235524443,0.00608529027231341,5
"scaled_energy","alberta",32,2018,-0.00550874882599112,-0.0179783421380569,0.00653711255157767,5
"abundance","cochise_birds",2,1981,0.0672413516634452,0.0514324451701294,0.0845614780323332,5
"abundance","cochise_birds",3,1983,0.138983909616009,0.10706044868379,0.173830377251652,5
"abundance","cochise_birds",4,1984,0.0669278068558407,0.0535587956321402,0.0807308256910912,5
"abundance","cochise_birds",5,1985,0.0663292535977502,0.0546406999575041,0.0776879414404908,5
"abundance","cochise_birds",6,1986,0.0650752511654279,0.0561427777005476,0.0738744647941122,5
"abundance","cochise_birds",7,1990,0.247455958785818,0.220048750301293,0.269871335812198,5
"abundance","cochise_birds",8,1992,0.0800373956746783,0.0644020213536417,0.0968825206094699,5
"abundance","cochise_birds",9,1993,0.027150101027602,0.0186006734119133,0.0356921095163585,5
"abundance","cochise_birds",10,1995,0.0283705682411081,0.0105544666967207,0.0443092840505557,5
"abundance","cochise_birds",11,1999,-0.0381543206833395,-0.0633744701222285,-0.010803810428213,5
"abundance","cochise_birds",12,2000,-0.0254161657901889,-0.0302530803257224,-0.0192624377266631,5
"abundance","cochise_birds",13,2007,-0.19496260771169,-0.226786568559305,-0.152508050197878,5
"abundance","cochise_birds",14,2008,-0.0171023789903763,-0.0230356765746527,-0.0123536236141854,5
"abundance","cochise_birds",15,2009,-0.00971570928833847,-0.0148717283640797,-0.0048265062281601,5
"abundance","cochise_birds",16,2013,0.0328459650712566,0.00359117010235768,0.0616239858606951,5
"abundance","cochise_birds",17,2016,0.0833653568208325,0.0470289704583983,0.116590849012941,5
"abundance","cochise_birds",18,2018,0.0671568314789267,0.0378755928872541,0.0919304589986817,5
"scaled_energy","cochise_birds",2,1981,0.0668336852643967,0.0526224362620341,0.084733525739514,5
"scaled_energy","cochise_birds",3,1983,0.136205394728136,0.108193876850565,0.171972592807319,5
"scaled_energy","cochise_birds",4,1984,0.0636873209176154,0.0518865705908207,0.0778675515501018,5
"scaled_energy","cochise_birds",5,1985,0.0612503398916658,0.0510184023555492,0.0732323342731625,5
"scaled_energy","cochise_birds",6,1986,0.0580566799429462,0.0494328303535186,0.0675045253066785,5
"scaled_energy","cochise_birds",7,1990,0.201090654400206,0.17430276239831,0.232191289497403,5
"scaled_energy","cochise_birds",8,1992,0.0603100398969867,0.0464082770828588,0.0761793255865049,5
"scaled_energy","cochise_birds",9,1993,0.0199646676747424,0.0125707416326312,0.0282372866932719,5
"scaled_energy","cochise_birds",10,1995,0.0211751316356824,0.00580133271915229,0.0380527159049663,5
"scaled_energy","cochise_birds",11,1999,-0.0179711218265139,-0.0382628120842327,0.00623302367314449,5
"scaled_energy","cochise_birds",12,2000,-0.0130007515226125,-0.0181139936727059,-0.0083883033960579,5
"scaled_energy","cochise_birds",13,2007,-0.0962313403826754,-0.136294382384952,-0.0557065521522665,5
"scaled_energy","cochise_birds",14,2008,-0.00646466769426266,-0.0116985413625414,-0.00103651670365013,5
"scaled_energy","cochise_birds",15,2009,-0.00254451152973944,-0.00703786895250059,0.0023154241681967,5
"scaled_energy","cochise_birds",16,2013,0.0264078389674671,0.00347700795778424,0.0579907285911565,5
"scaled_energy","cochise_birds",17,2016,0.0476666708698708,0.0222025871805627,0.0814204530138664,5
"scaled_energy","cochise_birds",18,2018,0.0370392218552823,0.0175072964221009,0.0613582064428371,5
"abundance","salamonie",2,1982,-0.0610937601743739,-0.0701931052718005,-0.050964258665198,5
"abundance","salamonie",3,1983,-0.0595084348491,-0.06845354535846,-0.0495573969234696,5
"abundance","salamonie",4,1984,-0.0556652128817155,-0.0641433864276159,-0.0461387980573432,5
"abundance","salamonie",5,1985,-0.0491148769705037,-0.0567623192255805,-0.0403108580108928,5
"abundance","salamonie",6,1986,-0.0398042843057327,-0.0463971851068569,-0.0320271930074438,5
"abundance","salamonie",7,1987,-0.0280194187794463,-0.0336674108470234,-0.0218492965312218,5
"abundance","salamonie",8,1988,-0.014335581026676,-0.0188827891418019,-0.00955183565642492,5
"abundance","salamonie",9,1989,0.000430785844738476,-0.00305843060318605,0.00478258805514613,5
"abundance","salamonie",10,1992,0.0890149662424961,0.0775379588042661,0.100485819922627,5
"abundance","salamonie",11,1996,0.290291074980888,0.264909187866135,0.317968656469577,5
"abundance","salamonie",12,1997,0.0783860854280414,0.073146327847092,0.083002965315381,5
"abundance","salamonie",13,1998,0.0786276890908573,0.0736089504393006,0.0824707968994585,5
"abundance","salamonie",14,1999,0.0764139439366538,0.0713085142457261,0.080310217413577,5
"abundance","salamonie",15,2000,0.071980739073307,0.0671459452290038,0.0759916763534075,5
"abundance","salamonie",16,2004,0.229892550826223,0.210557492055473,0.251811241764377,5
"abundance","salamonie",17,2005,0.0282158058916302,0.0236200262496244,0.0332050735399941,5
"abundance","salamonie",18,2006,0.0167037822944533,0.0121912749314866,0.0214277267086367,5
"abundance","salamonie",19,2008,0.000345579454390597,-0.00747633064320775,0.00679075192727199,5
"abundance","salamonie",20,2011,-0.0667712217557114,-0.0747289452131598,-0.0586355483235811,5
"abundance","salamonie",21,2012,-0.036537236664702,-0.0399186698916578,-0.0329733929056293,5
"abundance","salamonie",22,2014,-0.0848326432817293,-0.0936590411245037,-0.0761517568639716,5
"abundance","salamonie",23,2016,-0.0952681895350669,-0.10757317713755,-0.0845872855826214,5
"abundance","salamonie",24,2017,-0.0506369389956359,-0.0578984862627041,-0.0444627331008386,5
"abundance","salamonie",25,2018,-0.0509706771273158,-0.0584156201717749,-0.0446208446758149,5
"scaled_energy","salamonie",2,1982,-0.0684996145737199,-0.0789754283840526,-0.0597789771675921,5
"scaled_energy","salamonie",3,1983,-0.0667789701521537,-0.0770463471214241,-0.058215954322415,5
"scaled_energy","salamonie",4,1984,-0.0626201779071085,-0.0723884660603923,-0.0544337967187857,5
"scaled_energy","salamonie",5,1985,-0.0555565673478541,-0.0644848094865963,-0.0480414768146852,5
"scaled_energy","salamonie",6,1986,-0.0455548770620229,-0.0533033147592484,-0.0392349354423718,5
"scaled_energy","salamonie",7,1987,-0.0329496987635027,-0.0392230107017984,-0.0280475050766788,5
"scaled_energy","salamonie",8,1988,-0.0183864590662589,-0.0234223836668004,-0.0146729195057122,5
"scaled_energy","salamonie",9,1989,-0.00276608125557989,-0.00697834304568159,0.00034334382586816,5
"scaled_energy","salamonie",10,1992,0.0827106346807352,0.0719910043770957,0.0955390932197805,5
"scaled_energy","salamonie",11,1996,0.280978713557061,0.257760349093263,0.308029210539205,5
"scaled_energy","salamonie",12,1997,0.074911366772663,0.0702020025299152,0.0803806466453562,5
"scaled_energy","salamonie",13,1998,0.0741802619539358,0.0701459915956168,0.0787977421703952,5
"scaled_energy","salamonie",14,1999,0.0710071489415778,0.0674216968255604,0.0749250759556734,5
"scaled_energy","salamonie",15,2000,0.0657664982090528,0.0623627160246309,0.0697371236237125,5
"scaled_energy","salamonie",16,2004,0.199382081991737,0.181265755347196,0.219382975527522,5
"scaled_energy","salamonie",17,2005,0.023108596474829,0.0187459257844239,0.0272743910212063,5
"scaled_energy","salamonie",18,2006,0.0128792188294775,0.00885681206483086,0.0167846396564915,5
"scaled_energy","salamonie",19,2008,-0.00249350311277719,-0.00952045670751071,0.00470286158596406,5
"scaled_energy","salamonie",20,2011,-0.0575141676826975,-0.0664033115861747,-0.0481810595554237,5
"scaled_energy","salamonie",21,2012,-0.0294721695379378,-0.0334643778287036,-0.0253552905686783,5
"scaled_energy","salamonie",22,2014,-0.0663002165273663,-0.0754336996205589,-0.0569551277622616,5
"scaled_energy","salamonie",23,2016,-0.0720923038469422,-0.0844244958087508,-0.0600345087772554,5
"scaled_energy","salamonie",24,2017,-0.0375368090443294,-0.0448071607482935,-0.0305895513686107,5
"scaled_energy","salamonie",25,2018,-0.0376394123432094,-0.0451137900951166,-0.0305251926520998,5
"abundance","tilden",2,1974,-0.0280435358525423,-0.0343728010789712,-0.0211995969461036,5
"abundance","tilden",3,1975,-0.0282193910789159,-0.0344707809520191,-0.0215265474069405,5
"abundance","tilden",4,1976,-0.0286051539678084,-0.0346738208513021,-0.0222712951847063,5
"abundance","tilden",5,1977,-0.0291760771192722,-0.0349788292907495,-0.0234139236791988,5
"abundance","tilden",6,1978,-0.0298424222559266,-0.0351774101732858,-0.0246437011302831,5
"abundance","tilden",7,1979,-0.0304708070099942,-0.035214797800958,-0.0258385422735153,5
"abundance","tilden",8,1980,-0.030904976534352,-0.0349946553734203,-0.0270264242760966,5
"abundance","tilden",9,1981,-0.030985447541362,-0.0345247971161647,-0.0270240856964255,5
"abundance","tilden",10,1982,-0.0305674921330502,-0.0335636040508258,-0.0268724865085433,5
"abundance","tilden",11,1983,-0.0295370340309396,-0.0325433467889536,-0.0260452433514523,5
"abundance","tilden",12,1984,-0.0278241601040863,-0.0309814555483503,-0.0239343086896261,5
"abundance","tilden",13,1986,-0.0471772911435679,-0.0552175019542513,-0.040648379196447,5
"abundance","tilden",14,1987,-0.0186213766962678,-0.0230687152412637,-0.0146265422249652,5
"abundance","tilden",15,1988,-0.0144403787137191,-0.0187571633850437,-0.0102377166850844,5
"abundance","tilden",16,1994,0.00258121885712066,-0.019008054336459,0.0204212324889906,5
"abundance","tilden",17,1995,0.0143014751304037,0.0105107850551148,0.017010692383123,5
"abundance","tilden",18,1998,0.0589189348088206,0.0455978632053317,0.0711416571353785,5
"abundance","tilden",19,1999,0.0207842362253155,0.0157909042059927,0.0259317981947784,5
"abundance","tilden",20,2000,0.019559107438442,0.0142452854214744,0.025147128421102,5
"abundance","tilden",21,2001,0.0169302077036888,0.0114382314391063,0.0227471913588952,5
"abundance","tilden",22,2002,0.0128751803355327,0.00707781865326914,0.0189205496923056,5
"abundance","tilden",23,2004,0.00843500845432711,-0.00260582817491193,0.0188236641791999,5
"abundance","tilden",24,2005,-0.00667773666857776,-0.011293621967332,-0.00254170139354494,5
"abundance","tilden",25,2009,-0.107840898282889,-0.123339399181232,-0.0914863935018943,5
"abundance","tilden",26,2010,-0.0505133379751276,-0.0562212882722159,-0.044068798796419,5
"abundance","tilden",27,2011,-0.0592929693102381,-0.0661271847797065,-0.0516064491023718,5
"abundance","tilden",28,2018,-0.450137500883658,-0.492853142538054,-0.40075232914285,5
"scaled_energy","tilden",2,1974,-0.0112499393670038,-0.019172322966429,-0.00470513964491808,5
"scaled_energy","tilden",3,1975,-0.0117102338536075,-0.0195264858457852,-0.00527041550599499,5
"scaled_energy","tilden",4,1976,-0.0127886675844038,-0.0203472570734241,-0.00660273590280427,5
"scaled_energy","tilden",5,1977,-0.0145449874612552,-0.0216640219768352,-0.00877012204221273,5
"scaled_energy","tilden",6,1978,-0.0169027277406354,-0.0233963090726873,-0.0116932681210753,5
"scaled_energy","tilden",7,1979,-0.0196827850352419,-0.025382182924276,-0.0151800353725727,5
"scaled_energy","tilden",8,1980,-0.0226372796177451,-0.0276693877479787,-0.0188333673724509,5
"scaled_energy","tilden",9,1981,-0.0254823510880485,-0.0298478786631849,-0.0222130041933145,5
"scaled_energy","tilden",10,1982,-0.0279285384267128,-0.0320252798115057,-0.0250531936171582,5
"scaled_energy","tilden",11,1983,-0.0297076982897128,-0.0329765310185717,-0.0268342458064927,5
"scaled_energy","tilden",12,1984,-0.0305958531999927,-0.0337462270070675,-0.0271231069712965,5
"scaled_energy","tilden",13,1986,-0.0586717858214741,-0.0648815314861801,-0.0511047241094029,5
"scaled_energy","tilden",14,1987,-0.0266904413301411,-0.0303066388980157,-0.0223646905595627,5
"scaled_energy","tilden",15,1988,-0.0232098462283909,-0.0270414177314297,-0.0187080705079417,5
"scaled_energy","tilden",16,1994,-0.0276631321001836,-0.0468551984436043,-0.003154997946007,5
"scaled_energy","tilden",17,1995,0.0193802901590065,0.016732338536936,0.0223722549888988,5
"scaled_energy","tilden",18,1998,0.10558133039521,0.0959701676250629,0.116858436884858,5
"scaled_energy","tilden",19,1999,0.0463429315463976,0.0421545611162008,0.0505820976353897,5
"scaled_energy","tilden",20,2000,0.0507924274941865,0.046119095962118,0.0553931930685367,5
"scaled_energy","tilden",21,2001,0.0536992428321974,0.0484896901369472,0.0585767115394236,5
"scaled_energy","tilden",22,2002,0.0548385721313959,0.049385346882821,0.0599526206245526,5
"scaled_energy","tilden",23,2004,0.108590420377403,0.0976069569599823,0.119770182404634,5
"scaled_energy","tilden",24,2005,0.0474583103490291,0.0427325607978436,0.0519337214827839,5
"scaled_energy","tilden",25,2009,0.131664023628948,0.11331988324121,0.150077108504755,5
"scaled_energy","tilden",26,2010,0.0113860511991604,0.00653655830249285,0.0159104252922415,5
"scaled_energy","tilden",27,2011,0.00260170656019221,-0.00253445631640252,0.00807817627639504,5
"scaled_energy","tilden",28,2018,-0.135887659149923,-0.183412533376836,-0.0890296250884809,5
"abundance","portal_rats",2,1978.5,0.00905713995119773,0.0018160489111475,0.0165478890035284,5
"abundance","portal_rats",3,1979,0.00905499413235039,0.00185963779529697,0.016506552451767,5
"abundance","portal_rats",4,1979.5,0.00904977869959084,0.0019690951584917,0.0164084903653348,5
"abundance","portal_rats",5,1980,0.00904092582263543,0.00216393660307555,0.0162337868809413,5
"abundance","portal_rats",6,1980.5,0.00902852336101154,0.00242482737397883,0.0159723682939824,5
"abundance","portal_rats",7,1981,0.00901327869164936,0.00264104113939369,0.0156208887621281,5
"abundance","portal_rats",8,1981.5,0.0089964684775763,0.00292135208699305,0.0151819159331685,5
"abundance","portal_rats",9,1982,0.0089798750237707,0.00300532150221997,0.0146630847047934,5
"abundance","portal_rats",10,1982.5,0.00896571111657507,0.00307590359190078,0.0142682816884555,5
"abundance","portal_rats",11,1983,0.00895653595420294,0.00340674442383709,0.0139340017684233,5
"abundance","portal_rats",12,1983.5,0.00895516504082483,0.00373657928814267,0.013272149167032,5
"abundance","portal_rats",13,1984,0.0089645768420555,0.0044320324332999,0.0131857332798368,5
"abundance","portal_rats",14,1984.5,0.00898781869950115,0.00516235156634188,0.0130706975680329,5
"abundance","portal_rats",15,1985,0.00902791408829728,0.00536129602247363,0.0133996901396459,5
"abundance","portal_rats",16,1985.5,0.00908777287395172,0.00549863017270725,0.0135076419759973,5
"abundance","portal_rats",17,1986,0.00917010586155367,0.00530240113436559,0.0135831246159488,5
"abundance","portal_rats",18,1986.5,0.00927734468180422,0.00559978281185103,0.0136924787220124,5
"abundance","portal_rats",19,1987,0.00941156794377713,0.0060202438151977,0.0141992198271243,5
"abundance","portal_rats",20,1987.5,0.00957443459355604,0.00624985608100968,0.0142952029855662,5
"abundance","portal_rats",21,1988,0.00976712551574919,0.00629379817844892,0.0142832033703654,5
"abundance","portal_rats",22,1988.5,0.0099902945493858,0.00653787718968553,0.0143879266707872,5
"abundance","portal_rats",23,1989,0.0102440302017668,0.00686366742396319,0.0146620081538001,5
"abundance","portal_rats",24,1989.5,0.0105278293777087,0.00722056084543622,0.0148591138942127,5
"abundance","portal_rats",25,1990,0.0108405843541437,0.00761905522989812,0.0148064256784729,5
"abundance","portal_rats",26,1990.5,0.0111805839979237,0.00824093731943392,0.0149683162871878,5
"abundance","portal_rats",27,1991,0.0115455298484831,0.00824104750551458,0.0155777518960931,5
"abundance","portal_rats",28,1991.5,0.0119325671915687,0.00853588338619332,0.015940252093626,5
"abundance","portal_rats",29,1992,0.0123383306813216,0.0088274914554608,0.0162092239256943,5
"abundance","portal_rats",30,1992.5,0.0127590034858656,0.00930129198905203,0.0168024590609352,5
"abundance","portal_rats",31,1993,0.0131903884023285,0.00968853965225895,0.0172958338091093,5
"abundance","portal_rats",32,1993.5,0.0136279889730677,0.0101362003694913,0.0176853960480929,5
"abundance","portal_rats",33,1994,0.0140670983847869,0.0105583512720919,0.0177918561153284,5
"abundance","portal_rats",34,1994.5,0.01450289387447,0.0108771703631825,0.0175768831976301,5
"abundance","portal_rats",35,1995,0.0149305345034704,0.0114005366457001,0.0180185948506895,5
"abundance","portal_rats",36,1995.5,0.0153452604702018,0.0119587764929569,0.0186915614718212,5
"abundance","portal_rats",37,1996,0.0157424925656278,0.0124698696042702,0.019305759631881,5
"abundance","portal_rats",38,1996.5,0.0161179308701799,0.0127896965505767,0.0196278092695401,5
"abundance","portal_rats",39,1997,0.0164676522738998,0.0131285719726178,0.0201139479644578,5
"abundance","portal_rats",40,1997.5,0.01678820680444,0.0130398747923046,0.0206635479752624,5
"abundance","portal_rats",41,1998,0.0170767130142363,0.0129664597525746,0.0212971338645975,5
"abundance","portal_rats",42,1998.5,0.0173309527753085,0.0130241951778354,0.0217404533578046,5
"abundance","portal_rats",43,1999,0.0175494657527495,0.013144620060584,0.0222340716577354,5
"abundance","portal_rats",44,1999.5,0.0177316436019934,0.0130762861416679,0.0226913875290964,5
"abundance","portal_rats",45,2000,0.0178778236155039,0.0129116577457397,0.0231513049748927,5
"abundance","portal_rats",46,2000.5,0.0179893812105613,0.0127395990904799,0.0235111940468971,5
"abundance","portal_rats",47,2001,0.0180688203958964,0.012566841996214,0.0237734802842968,5
"abundance","portal_rats",48,2001.5,0.0181198612817929,0.012416424489582,0.0239464783794913,5
"abundance","portal_rats",49,2002,0.0181475239037669,0.0123250438179568,0.0240448453713987,5
"abundance","portal_rats",50,2002.5,0.0181582082026742,0.0122746828393446,0.0240835382223757,5
"scaled_energy","portal_rats",2,1978.5,-0.00947921044073031,-0.0203541170529339,0.00135038391483163,5
"scaled_energy","portal_rats",3,1979,-0.00947488996731483,-0.0203045010525878,0.00126867073122879,5
"scaled_energy","portal_rats",4,1979.5,-0.00946284592878218,-0.0201779494959821,0.00106768856870755,5
"scaled_energy","portal_rats",5,1980,-0.00943870902354205,-0.0199483858975514,0.000794641866473666,5
"scaled_energy","portal_rats",6,1980.5,-0.0093977727250839,-0.0195974761718486,0.000466235015390569,5
"scaled_energy","portal_rats",7,1981,-0.00933504045921289,-0.0191138255889559,3.24374310180389e-05,5
"scaled_energy","portal_rats",8,1981.5,-0.00924530124405682,-0.0181029386527338,-0.000498284541853167,5
"scaled_energy","portal_rats",9,1982,-0.00912323087552954,-0.0168807939302756,-0.00114387783281037,5
"scaled_energy","portal_rats",10,1982.5,-0.00896351289115247,-0.0155301394102451,-0.00196174437532023,5
"scaled_energy","portal_rats",11,1983,-0.00876097214571185,-0.0143468511691136,-0.00249195126801377,5
"scaled_energy","portal_rats",12,1983.5,-0.00851071360961262,-0.0139531509282303,-0.0029314249831402,5
"scaled_energy","portal_rats",13,1984,-0.00820825964794527,-0.0131662713893151,-0.00250064663730169,5
"scaled_energy","portal_rats",14,1984.5,-0.00784968023299456,-0.0127352191577256,-0.00195757681371457,5
"scaled_energy","portal_rats",15,1985,-0.00743171197392857,-0.0117634137133344,-0.00198509299878257,5
"scaled_energy","portal_rats",16,1985.5,-0.0069518632420495,-0.0112462286785259,-0.0015774814830144,5
"scaled_energy","portal_rats",17,1986,-0.00640850381866041,-0.0111606618117037,-0.000771388714139951,5
"scaled_energy","portal_rats",18,1986.5,-0.00580093826575651,-0.011036560171105,0.00021611349310926,5
"scaled_energy","portal_rats",19,1987,-0.00512946257491606,-0.0103625029515362,0.000653949843937976,5
"scaled_energy","portal_rats",20,1987.5,-0.00439540362732911,-0.00962121894461941,0.00112889644648997,5
"scaled_energy","portal_rats",21,1988,-0.0036011407067437,-0.00915712537514471,0.00169591643111454,5
"scaled_energy","portal_rats",22,1988.5,-0.00275010790132183,-0.00808421141986762,0.0022703508821256,5
"scaled_energy","portal_rats",23,1989,-0.00184677588139168,-0.00690357109193085,0.00276537250631489,5
"scaled_energy","portal_rats",24,1989.5,-0.000896611406962732,-0.00586398488292345,0.00325961831930973,5
"scaled_energy","portal_rats",25,1990,9.3986878326756e-05,-0.00475446641037595,0.00422883893245715,5
"scaled_energy","portal_rats",26,1990.5,0.00111777721065541,-0.00352041669069181,0.00524202653011083,5
"scaled_energy","portal_rats",27,1991,0.00216678788439089,-0.00255152825868867,0.00654903350441718,5
"scaled_energy","portal_rats",28,1991.5,0.00323245341081661,-0.00172020300090139,0.00801979759509782,5
"scaled_energy","portal_rats",29,1992,0.00430577076658153,-0.000893547128712428,0.00929742606342992,5
"scaled_energy","portal_rats",30,1992.5,0.00537747140443346,0.000202626826076585,0.0104368813058682,5
"scaled_energy","portal_rats",31,1993,0.00643820347922568,0.000994980635397387,0.0118493117307567,5
"scaled_energy","portal_rats",32,1993.5,0.00747871792347658,0.00198325050631923,0.0126580161988538,5
"scaled_energy","portal_rats",33,1994,0.00849005172968105,0.00307312420154235,0.0137356942422715,5
"scaled_energy","portal_rats",34,1994.5,0.00946370213606808,0.00421952261132362,0.0148790306717487,5
"scaled_energy","portal_rats",35,1995,0.0103917863635731,0.00553416081815737,0.0156614923050974,5
"scaled_energy","portal_rats",36,1995.5,0.0112671830262879,0.00686862609115202,0.0161926388618479,5
"scaled_energy","portal_rats",37,1996,0.0120836531734933,0.00772218568440678,0.017062244014128,5
"scaled_energy","portal_rats",38,1996.5,0.0128359409025534,0.00856735747672114,0.0180478330982477,5
"scaled_energy","portal_rats",39,1997,0.0135198553675109,0.00922583161061021,0.0191160282263909,5
"scaled_energy","portal_rats",40,1997.5,0.0141323375655962,0.00946035828798767,0.0202212251061882,5
"scaled_energy","portal_rats",41,1998,0.0146715163224432,0.00955933586782125,0.0214985532081782,5
"scaled_energy","portal_rats",42,1998.5,0.0151367582966231,0.00968440010499392,0.0222713780532232,5
"scaled_energy","portal_rats",43,1999,0.0155287165554674,0.00902525654297135,0.0233318593960805,5
"scaled_energy","portal_rats",44,1999.5,0.0158493814057612,0.00826565732952265,0.0242094495695857,5
"scaled_energy","portal_rats",45,2000,0.0161021358566971,0.00776205811612624,0.0249353674232847,5
"scaled_energy","portal_rats",46,2000.5,0.0162918165872812,0.00740618196151379,0.0255926479821861,5
"scaled_energy","portal_rats",47,2001,0.0164247798757031,0.00713016957767307,0.0261294258035029,5
"scaled_energy","portal_rats",48,2001.5,0.0165089709344809,0.00693895835513402,0.0263926350623053,5
"scaled_energy","portal_rats",49,2002,0.0165539947847252,0.00682827906377458,0.0265359569736742,5
"scaled_energy","portal_rats",50,2002.5,0.0165711874687923,0.00678314837876366,0.026591524305232,5
"abundance","mccoy",2,1988,0.0295722239651238,0.014691617033019,0.0464615937636941,5
"abundance","mccoy",3,1989,0.0304651396612829,0.0159841303900588,0.0467128054886206,5
"abundance","mccoy",4,1990,0.0323028085359823,0.0187335611018504,0.0470739705822904,5
"abundance","mccoy",5,1991,0.0347595831916575,0.0227970059202482,0.0471933894937343,5
"abundance","mccoy",6,1992,0.0371595033678753,0.0272286567990357,0.0473306445083831,5
"abundance","mccoy",7,1993,0.0386445120545437,0.0309534888892291,0.0470785158232574,5
"abundance","mccoy",8,1994,0.0383406367722089,0.0323175420368615,0.0458445524571057,5
"abundance","mccoy",9,1995,0.0355160915863105,0.0299694414514786,0.0428384389141737,5
"abundance","mccoy",10,1996,0.029718065849387,0.0231702813998047,0.0364038083732884,5
"abundance","mccoy",11,1998,0.0302936780932665,0.013560780587732,0.0472107096564203,5
"abundance","mccoy",12,2000,-0.0256137964477924,-0.0420417322008719,-0.0106634651308568,5
"abundance","mccoy",13,2001,-0.0378153235770414,-0.0450504488286694,-0.0322603390523749,5
"abundance","mccoy",14,2002,-0.0546658079728107,-0.0611651100442732,-0.0501626794161705,5
"abundance","mccoy",15,2003,-0.069781300430595,-0.0771526991513567,-0.0642019953413944,5
"abundance","mccoy",16,2004,-0.0817449971261207,-0.0892327156748643,-0.0749461592452263,5
"abundance","mccoy",17,2005,-0.0893781421455195,-0.0971162321804483,-0.081444681539546,5
"abundance","mccoy",18,2006,-0.0918044781115951,-0.10083523443206,-0.0831513021230138,5
"abundance","mccoy",19,2007,-0.0884939226773371,-0.0980706494757357,-0.0796685743795866,5
"abundance","mccoy",20,2008,-0.0792963477012087,-0.0890103826135255,-0.0704219024369394,5
"abundance","mccoy",21,2009,-0.0644727670471229,-0.0736664668056028,-0.0566561820592682,5
"abundance","mccoy",22,2010,-0.044723131327177,-0.0521142425344084,-0.038997224925251,5
"abundance","mccoy",23,2011,-0.0211992422791504,-0.0269180922954732,-0.0146221586148838,5
"abundance","mccoy",24,2012,0.00451906544875037,-0.0022425923946718,0.0123115459428537,5
"abundance","mccoy",25,2013,0.0305122988827525,0.0211766702754453,0.040180310503393,5
"abundance","mccoy",26,2014,0.0546988988383925,0.0426690773030989,0.0680607428877666,5
"abundance","mccoy",27,2017,0.289602215546065,0.231476278132422,0.357773680153002,5
"abundance","mccoy",28,2018,0.104004440047682,0.0850518871476732,0.125572995781585,5
"scaled_energy","mccoy",2,1988,0.17991365795308,0.157547601691835,0.199688350683841,5
"scaled_energy","mccoy",3,1989,0.177475003798963,0.155721467161386,0.196524123822524,5
"scaled_energy","mccoy",4,1990,0.171439855892383,0.151122110077102,0.188808529281099,5
"scaled_energy","mccoy",5,1991,0.160942323783227,0.142957075237029,0.175875161395346,5
"scaled_energy","mccoy",6,1992,0.145743898644459,0.130762087922889,0.15768956181977,5
"scaled_energy","mccoy",7,1993,0.126170212750652,0.113496053745609,0.135477442289721,5
"scaled_energy","mccoy",8,1994,0.103012329179248,0.0929152757543118,0.109976811875715,5
"scaled_energy","mccoy",9,1995,0.0774025069381679,0.0689426152215574,0.0835263723563266,5
"scaled_energy","mccoy",10,1996,0.050680549627013,0.043934940077731,0.057889721188624,5
"scaled_energy","mccoy",11,1998,0.0235938376897123,0.00883726053436632,0.0407490182740572,5
"scaled_energy","mccoy",12,2000,-0.0669343728357901,-0.0810043261182207,-0.0496395892313662,5
"scaled_energy","mccoy",13,2001,-0.0618017251301028,-0.0681522593099187,-0.0535220116382043,5
"scaled_energy","mccoy",14,2002,-0.0758091505426127,-0.0811504592457174,-0.068733960667784,5
"scaled_energy","mccoy",15,2003,-0.0856086842864553,-0.0910163458069229,-0.0796970959546759,5
"scaled_energy","mccoy",16,2004,-0.0907936996868179,-0.096413494553187,-0.0837139931568396,5
"scaled_energy","mccoy",17,2005,-0.0911888443356007,-0.0978822849612518,-0.0836358420176388,5
"scaled_energy","mccoy",18,2006,-0.0868446272088867,-0.0945359686092788,-0.078752744810331,5
"scaled_energy","mccoy",19,2007,-0.0780349113128222,-0.0861175676877367,-0.0698789493925109,5
"scaled_energy","mccoy",20,2008,-0.0652557609333127,-0.0730348320531059,-0.0572137182773082,5
"scaled_energy","mccoy",21,2009,-0.0492209254622261,-0.0563651144369448,-0.0419084793385264,5
"scaled_energy","mccoy",22,2010,-0.0308466552309575,-0.0375475929599751,-0.024205742769519,5
"scaled_energy","mccoy",23,2011,-0.0112172319870678,-0.0180695919417036,-0.00424501795296,5
"scaled_energy","mccoy",24,2012,0.00847666896613221,-7.89641029159005e-05,0.0167900246459345,5
"scaled_energy","mccoy",25,2013,0.0270313021346271,0.0158332096423618,0.0366436151876913,5
"scaled_energy","mccoy",26,2014,0.0433534192630714,0.0303124325177091,0.0560730695740148,5
"scaled_energy","mccoy",27,2017,0.20843613358302,0.153873903718452,0.261744935417683,5
"scaled_energy","mccoy",28,2018,0.074870813234049,0.0566092119053945,0.0921959152382582,5
"abundance","cranbury",2,1988,-0.00649002902196124,-0.0173836957097135,0.00506364735981866,5
"abundance","cranbury",3,1989,-0.00801075295270952,-0.0183950916869692,0.00308074337715835,5
"abundance","cranbury",4,1991,-0.0268693591936022,-0.0437030624520862,-0.00847083558573621,5
"abundance","cranbury",5,1993,-0.0484380508671863,-0.059706304859059,-0.0373015909732379,5
"abundance","cranbury",6,1995,-0.0689683695782036,-0.0764810040397163,-0.0591066055720428,5
"abundance","cranbury",7,1996,-0.0397408259484959,-0.0460018554322667,-0.0334162329478354,5
"abundance","cranbury",8,1997,-0.0399210197300358,-0.0474253262670878,-0.0337030963876816,5
"abundance","cranbury",9,1998,-0.0372989668611534,-0.0457184013638169,-0.0301294338608493,5
"abundance","cranbury",10,1999,-0.0318626752624184,-0.0400346007088017,-0.0244577287578135,5
"abundance","cranbury",11,2000,-0.0240280562626801,-0.0312895690452223,-0.0175241060113833,5
"abundance","cranbury",12,2001,-0.014589724014026,-0.0211458136212779,-0.0090615583685435,5
"abundance","cranbury",13,2002,-0.00463091453738338,-0.0108836190100065,0.000705451674051097,5
"abundance","cranbury",14,2003,0.00461061063181495,-0.00313720064403979,0.00965939793902258,5
"abundance","cranbury",15,2005,0.0285088545916921,0.00824410326735842,0.0446619137145258,5
"abundance","cranbury",16,2010,0.0419781484741146,0.00307854896985357,0.0811327568130119,5
"abundance","cranbury",17,2013,-0.100069559049813,-0.114793764657539,-0.0814331534096381,5
"abundance","cranbury",18,2015,-0.131322804165014,-0.15186421250856,-0.106554762316063,5
"abundance","cranbury",19,2017,-0.164565769632538,-0.190790135767534,-0.132052972571766,5
"abundance","cranbury",20,2018,-0.0915942421150156,-0.107030746288067,-0.0725416507813773,5
"scaled_energy","cranbury",2,1988,-0.0406756468743342,-0.0500908883776956,-0.0297817082598579,5
"scaled_energy","cranbury",3,1989,-0.0397872178126913,-0.0490068729962646,-0.0293262981478088,5
"scaled_energy","cranbury",4,1991,-0.0709159455055558,-0.0868984480671571,-0.0536487407374451,5
"scaled_energy","cranbury",5,1993,-0.0541601186965257,-0.0642767560671417,-0.044141317068312,5
"scaled_energy","cranbury",6,1995,-0.0318155917948766,-0.0412480689741252,-0.024478390333585,5
"scaled_energy","cranbury",7,1996,-0.00726116844685532,-0.0126123919957096,-0.00127195933662031,5
"scaled_energy","cranbury",8,1997,-0.00217433428528588,-0.00840196129394156,0.00511346928934724,5
"scaled_energy","cranbury",9,1998,0.00161021946973335,-0.00542015751708033,0.0093776450518371,5
"scaled_energy","cranbury",10,1999,0.00367549355982161,-0.00304568302416706,0.0114956916846481,5
"scaled_energy","cranbury",11,2000,0.00381277438189707,-0.0021928257724136,0.0113397203117513,5
"scaled_energy","cranbury",12,2001,0.00203656358417237,-0.00348496190847253,0.00879680149584318,5
"scaled_energy","cranbury",13,2002,-0.00142552851978146,-0.00695998300976657,0.0048205182081037,5
"scaled_energy","cranbury",14,2003,-0.00616520345671488,-0.0117072891276148,4.52603289133092e-05,5
"scaled_energy","cranbury",15,2005,-0.0287716954142014,-0.0409465872432473,-0.0144824284581554,5
"scaled_energy","cranbury",16,2010,-0.153039375696032,-0.182747699910244,-0.124399112556929,5
"scaled_energy","cranbury",17,2013,-0.134624156273295,-0.153312600465952,-0.116923467271239,5
"scaled_energy","cranbury",18,2015,-0.0999092124789582,-0.12122592987901,-0.0782295165359544,5
"scaled_energy","cranbury",19,2017,-0.10214106020371,-0.129593664136454,-0.0731204088303633,5
"scaled_energy","cranbury",20,2018,-0.0527155078273026,-0.0687230701170373,-0.0362625222434646,5
